/*------------------------- Mjesta ---------------------*/
INSERT INTO `bus`.`mjesto` (`PostanskiBroj`, `Naziv`) VALUES ('78000', 'Banja Luka');
INSERT INTO `bus`.`mjesto` (`PostanskiBroj`, `Naziv`) VALUES ('75290', 'Banovići');
INSERT INTO `bus`.`mjesto` (`PostanskiBroj`, `Naziv`) VALUES ('78108', 'Banja Luka');
INSERT INTO `bus`.`mjesto` (`PostanskiBroj`, `Naziv`) VALUES ('88363', 'Berkovići');
INSERT INTO `bus`.`mjesto` (`PostanskiBroj`, `Naziv`) VALUES ('77000', 'Bihać');
INSERT INTO `bus`.`mjesto` (`PostanskiBroj`, `Naziv`) VALUES ('78114', 'Banja Luka');
INSERT INTO `bus`.`mjesto` (`PostanskiBroj`, `Naziv`) VALUES ('76300', 'Bijeljina');
INSERT INTO `bus`.`mjesto` (`PostanskiBroj`, `Naziv`) VALUES ('89230', 'Bileća');
INSERT INTO `bus`.`mjesto` (`PostanskiBroj`, `Naziv`) VALUES ('88263', 'Blatnica');
INSERT INTO `bus`.`mjesto` (`PostanskiBroj`, `Naziv`) VALUES ('77240', 'Boračka Krupa');
INSERT INTO `bus`.`mjesto` (`PostanskiBroj`, `Naziv`) VALUES ('77250', 'Bosanski Petrovac');
INSERT INTO `bus`.`mjesto` (`PostanskiBroj`, `Naziv`) VALUES ('80270', 'Bosansko Grahovo');
INSERT INTO `bus`.`mjesto` (`PostanskiBroj`, `Naziv`) VALUES ('75420', 'Bratunac');
INSERT INTO `bus`.`mjesto` (`PostanskiBroj`, `Naziv`) VALUES ('76100 ','Brčko');
INSERT INTO `bus`.`mjesto` (`PostanskiBroj`, `Naziv`) VALUES ('76120', 'Brčko');
INSERT INTO `bus`.`mjesto` (`PostanskiBroj`, `Naziv`) VALUES ('76101', 'Brčko');
INSERT INTO `bus`.`mjesto` (`PostanskiBroj`, `Naziv`) VALUES ('74210', 'Brestovo');
INSERT INTO `bus`.`mjesto` (`PostanskiBroj`, `Naziv`) VALUES ('73309', 'Brod');
INSERT INTO `bus`.`mjesto` (`PostanskiBroj`, `Naziv`) VALUES ('70230', 'Bugojno');
INSERT INTO `bus`.`mjesto` (`PostanskiBroj`, `Naziv`) VALUES ('72260', 'Busovača');
INSERT INTO `bus`.`mjesto` (`PostanskiBroj`, `Naziv`) VALUES ('77245', 'Bužim');
INSERT INTO `bus`.`mjesto` (`PostanskiBroj`, `Naziv`) VALUES ('77220', 'Cazin');
INSERT INTO `bus`.`mjesto` (`PostanskiBroj`, `Naziv`) VALUES ('76239', 'Crkvina');
INSERT INTO `bus`.`mjesto` (`PostanskiBroj`, `Naziv`) VALUES ('73280', 'Čajniče');
INSERT INTO `bus`.`mjesto` (`PostanskiBroj`, `Naziv`) VALUES ('88300', 'Čapljina');
INSERT INTO `bus`.`mjesto` (`PostanskiBroj`, `Naziv`) VALUES ('74274', 'Čečava');
INSERT INTO `bus`.`mjesto` (`PostanskiBroj`, `Naziv`) VALUES ('73307', 'Čelebici');
INSERT INTO `bus`.`mjesto` (`PostanskiBroj`, `Naziv`) VALUES ('78240', 'Čelinac');
INSERT INTO `bus`.`mjesto` (`PostanskiBroj`, `Naziv`) VALUES ('88260', 'Čitluk');
INSERT INTO `bus`.`mjesto` (`PostanskiBroj`, `Naziv`) VALUES ('74400', 'Derventa');
INSERT INTO `bus`.`mjesto` (`PostanskiBroj`, `Naziv`) VALUES ('74101', 'Doboj');
INSERT INTO `bus`.`mjesto` (`PostanskiBroj`, `Naziv`) VALUES ('78215', 'Dragočaj');
INSERT INTO `bus`.`mjesto` (`PostanskiBroj`, `Naziv`) VALUES ('79290', 'Drinić');
INSERT INTO `bus`.`mjesto` (`PostanskiBroj`, `Naziv`) VALUES ('80260', 'Drvar');
INSERT INTO `bus`.`mjesto` (`PostanskiBroj`, `Naziv`) VALUES ('78411', 'Dubrave');
INSERT INTO `bus`.`mjesto` (`PostanskiBroj`, `Naziv`) VALUES ('73302', 'Foča');
INSERT INTO `bus`.`mjesto` (`PostanskiBroj`, `Naziv`) VALUES ('89247', 'Fojnica');
INSERT INTO `bus`.`mjesto` (`PostanskiBroj`, `Naziv`) VALUES ('89240', 'Gacko');
INSERT INTO `bus`.`mjesto` (`PostanskiBroj`, `Naziv`) VALUES ('80230', 'Glamoč');
INSERT INTO `bus`.`mjesto` (`PostanskiBroj`, `Naziv`) VALUES ('88392', 'Gradac');
INSERT INTO `bus`.`mjesto` (`PostanskiBroj`, `Naziv`) VALUES ('78203', 'Goleši');
INSERT INTO `bus`.`mjesto` (`PostanskiBroj`, `Naziv`) VALUES ('73101', 'Goražde');
INSERT INTO `bus`.`mjesto` (`PostanskiBroj`, `Naziv`) VALUES ('79288', 'Gornji Ribnik');
INSERT INTO `bus`.`mjesto` (`PostanskiBroj`, `Naziv`) VALUES ('89201', 'Grab');
INSERT INTO `bus`.`mjesto` (`PostanskiBroj`, `Naziv`) VALUES ('75320', 'Gračanica');
INSERT INTO `bus`.`mjesto` (`PostanskiBroj`, `Naziv`) VALUES ('78400', 'Gradiška');
INSERT INTO `bus`.`mjesto` (`PostanskiBroj`, `Naziv`) VALUES ('71240', 'Hadzići');
INSERT INTO `bus`.`mjesto` (`PostanskiBroj`, `Naziv`) VALUES ('71360', 'Han Pijesak');
INSERT INTO `bus`.`mjesto` (`PostanskiBroj`, `Naziv`) VALUES ('71144', 'Hreša');
INSERT INTO `bus`.`mjesto` (`PostanskiBroj`, `Naziv`) VALUES ('78436', 'Hrvaćani');
INSERT INTO `bus`.`mjesto` (`PostanskiBroj`, `Naziv`) VALUES ('71210', 'Ilidža');
INSERT INTO `bus`.`mjesto` (`PostanskiBroj`, `Naziv`) VALUES ('71280', 'Ilijaš');
INSERT INTO `bus`.`mjesto` (`PostanskiBroj`, `Naziv`) VALUES ('71123', 'Istočno Sarajevo');
INSERT INTO `bus`.`mjesto` (`PostanskiBroj`, `Naziv`) VALUES ('88420', 'Jablanica');
INSERT INTO `bus`.`mjesto` (`PostanskiBroj`, `Naziv`) VALUES ('70101', 'Jajce');
INSERT INTO `bus`.`mjesto` (`PostanskiBroj`, `Naziv`) VALUES ('70206', 'Jezero');
INSERT INTO `bus`.`mjesto` (`PostanskiBroj`, `Naziv`) VALUES ('72240', 'Kakanj');
INSERT INTO `bus`.`mjesto` (`PostanskiBroj`, `Naziv`) VALUES ('75260', 'Kalesija');
INSERT INTO `bus`.`mjesto` (`PostanskiBroj`, `Naziv`) VALUES ('71230', 'Kalinovik');
INSERT INTO `bus`.`mjesto` (`PostanskiBroj`, `Naziv`) VALUES ('77204', 'Kamenica');
INSERT INTO `bus`.`mjesto` (`PostanskiBroj`, `Naziv`) VALUES ('72265', 'Kaonik');
INSERT INTO `bus`.`mjesto` (`PostanskiBroj`, `Naziv`) VALUES ('71250', 'Kiseljak');
INSERT INTO `bus`.`mjesto` (`PostanskiBroj`, `Naziv`) VALUES ('79280', 'Ključ');
INSERT INTO `bus`.`mjesto` (`PostanskiBroj`, `Naziv`) VALUES ('78230', 'Kneževo');
INSERT INTO `bus`.`mjesto` (`PostanskiBroj`, `Naziv`) VALUES ('79246', 'Knežica');
INSERT INTO `bus`.`mjesto` (`PostanskiBroj`, `Naziv`) VALUES ('74222', 'Kostajnica');
INSERT INTO `bus`.`mjesto` (`PostanskiBroj`, `Naziv`) VALUES ('78220', 'Kotor Varoš');
INSERT INTO `bus`.`mjesto` (`PostanskiBroj`, `Naziv`) VALUES ('79202', 'Kozarac');
INSERT INTO `bus`.`mjesto` (`PostanskiBroj`, `Naziv`) VALUES ('79240', 'Kozarska Dubica');
INSERT INTO `bus`.`mjesto` (`PostanskiBroj`, `Naziv`) VALUES ('78443', 'Kulaši');
INSERT INTO `bus`.`mjesto` (`PostanskiBroj`, `Naziv`) VALUES ('78250', 'Laktaši');
INSERT INTO `bus`.`mjesto` (`PostanskiBroj`, `Naziv`) VALUES ('80101', 'Livno');
INSERT INTO `bus`.`mjesto` (`PostanskiBroj`, `Naziv`) VALUES ('75240', 'Lopare');
INSERT INTO `bus`.`mjesto` (`PostanskiBroj`, `Naziv`) VALUES ('75327', 'Lukavica');
INSERT INTO `bus`.`mjesto` (`PostanskiBroj`, `Naziv`) VALUES ('88380', 'Ljubinje');
INSERT INTO `bus`.`mjesto` (`PostanskiBroj`, `Naziv`) VALUES ('88320', 'Ljubuški');
INSERT INTO `bus`.`mjesto` (`PostanskiBroj`, `Naziv`) VALUES ('74250', 'Maglaj');
INSERT INTO `bus`.`mjesto` (`PostanskiBroj`, `Naziv`) VALUES ('78223', 'Maslovare');
INSERT INTO `bus`.`mjesto` (`PostanskiBroj`, `Naziv`) VALUES ('78410', 'Mašići');
INSERT INTO `bus`.`mjesto` (`PostanskiBroj`, `Naziv`) VALUES ('74203', 'Matuzići');
INSERT INTO `bus`.`mjesto` (`PostanskiBroj`, `Naziv`) VALUES ('75446', 'Milići');
INSERT INTO `bus`.`mjesto` (`PostanskiBroj`, `Naziv`) VALUES ('74480', 'Modriča');
INSERT INTO `bus`.`mjesto` (`PostanskiBroj`, `Naziv`) VALUES ('88000', 'Mostar');
INSERT INTO `bus`.`mjesto` (`PostanskiBroj`, `Naziv`) VALUES ('70260', 'Mrkonjić Grad');
INSERT INTO `bus`.`mjesto` (`PostanskiBroj`, `Naziv`) VALUES ('88390', 'Neum');
INSERT INTO `bus`.`mjesto` (`PostanskiBroj`, `Naziv`) VALUES ('80280', 'Nevesinje');
INSERT INTO `bus`.`mjesto` (`PostanskiBroj`, `Naziv`) VALUES ('79220', 'Novi Grad');
INSERT INTO `bus`.`mjesto` (`PostanskiBroj`, `Naziv`) VALUES ('73110', 'Novo Goražde');
INSERT INTO `bus`.`mjesto` (`PostanskiBroj`, `Naziv`) VALUES ('79263', 'Oštra Luka');
INSERT INTO `bus`.`mjesto` (`PostanskiBroj`, `Naziv`) VALUES ('71420', 'Pale');
INSERT INTO `bus`.`mjesto` (`PostanskiBroj`, `Naziv`) VALUES ('78218', 'Piskavica');
INSERT INTO `bus`.`mjesto` (`PostanskiBroj`, `Naziv`) VALUES ('70266', 'Podrašnica');
INSERT INTO `bus`.`mjesto` (`PostanskiBroj`, `Naziv`) VALUES ('88240', 'Posušje');
INSERT INTO `bus`.`mjesto` (`PostanskiBroj`, `Naziv`) VALUES ('79102', 'Prijedor');
INSERT INTO `bus`.`mjesto` (`PostanskiBroj`, `Naziv`) VALUES ('78430', 'Prnjavor');
INSERT INTO `bus`.`mjesto` (`PostanskiBroj`, `Naziv`) VALUES ('79260', 'Sanski Most');
INSERT INTO `bus`.`mjesto` (`PostanskiBroj`, `Naziv`) VALUES ('71000', 'Sarajevo');
INSERT INTO `bus`.`mjesto` (`PostanskiBroj`, `Naziv`) VALUES ('71350', 'Sokolac');
INSERT INTO `bus`.`mjesto` (`PostanskiBroj`, `Naziv`) VALUES ('76230', 'Šamac');
INSERT INTO `bus`.`mjesto` (`PostanskiBroj`, `Naziv`) VALUES ('75450', 'Šekovići');
INSERT INTO `bus`.`mjesto` (`PostanskiBroj`, `Naziv`) VALUES ('70270', 'Šipovo');
INSERT INTO `bus`.`mjesto` (`PostanskiBroj`, `Naziv`) VALUES ('74270', 'Teslić');
INSERT INTO `bus`.`mjesto` (`PostanskiBroj`, `Naziv`) VALUES ('74260', 'Tešanj');
INSERT INTO `bus`.`mjesto` (`PostanskiBroj`, `Naziv`) VALUES ('80240', 'Tomislavgrad');
INSERT INTO `bus`.`mjesto` (`PostanskiBroj`, `Naziv`) VALUES ('72270', 'Travnik');
INSERT INTO `bus`.`mjesto` (`PostanskiBroj`, `Naziv`) VALUES ('89101', 'Trebinje');
INSERT INTO `bus`.`mjesto` (`PostanskiBroj`, `Naziv`) VALUES ('75000', 'Tuzla');
INSERT INTO `bus`.`mjesto` (`PostanskiBroj`, `Naziv`) VALUES ('76330', 'Ugljevik');
INSERT INTO `bus`.`mjesto` (`PostanskiBroj`, `Naziv`) VALUES ('70280', 'Uskoplje');
INSERT INTO `bus`.`mjesto` (`PostanskiBroj`, `Naziv`) VALUES ('73249', 'Vardište');
INSERT INTO `bus`.`mjesto` (`PostanskiBroj`, `Naziv`) VALUES ('71330', 'Vareš');
INSERT INTO `bus`.`mjesto` (`PostanskiBroj`, `Naziv`) VALUES ('77230', 'Velika Kladuša');
INSERT INTO `bus`.`mjesto` (`PostanskiBroj`, `Naziv`) VALUES ('71300', 'Visoko');
INSERT INTO `bus`.`mjesto` (`PostanskiBroj`, `Naziv`) VALUES ('73240', 'Višegrad');
INSERT INTO `bus`.`mjesto` (`PostanskiBroj`, `Naziv`) VALUES ('72250', 'Vitez');
INSERT INTO `bus`.`mjesto` (`PostanskiBroj`, `Naziv`) VALUES ('71320', 'Vogošća');
INSERT INTO `bus`.`mjesto` (`PostanskiBroj`, `Naziv`) VALUES ('72227', 'Vozuća');
INSERT INTO `bus`.`mjesto` (`PostanskiBroj`, `Naziv`) VALUES ('78211', 'Vrbanja');
INSERT INTO `bus`.`mjesto` (`PostanskiBroj`, `Naziv`) VALUES ('74470', 'Vukosavlje');
INSERT INTO `bus`.`mjesto` (`PostanskiBroj`, `Naziv`) VALUES ('78214', 'Zalužani');
INSERT INTO `bus`.`mjesto` (`PostanskiBroj`, `Naziv`) VALUES ('72220', 'Zavidovići');
INSERT INTO `bus`.`mjesto` (`PostanskiBroj`, `Naziv`) VALUES ('72101', 'Zenica');
INSERT INTO `bus`.`mjesto` (`PostanskiBroj`, `Naziv`) VALUES ('75400', 'Zvornik');
INSERT INTO `bus`.`mjesto` (`PostanskiBroj`, `Naziv`) VALUES ('72230', 'Žepče');
INSERT INTO `bus`.`mjesto` (`PostanskiBroj`, `Naziv`) VALUES ('75270', 'Živinice');

/*----------------autobuska stajalista---------------------------------------------*/
INSERT INTO `bus`.`autobusko_stajaliste` (`IdStajalista`, `Naziv`, `PostanskiBroj`) VALUES ('1', 'Stajaliste 1', '78000');
INSERT INTO `bus`.`autobusko_stajaliste` (`IdStajalista`, `Naziv`, `PostanskiBroj`) VALUES ('2', 'Stajaliste 2', '78000');
INSERT INTO `bus`.`autobusko_stajaliste` (`IdStajalista`, `Naziv`, `PostanskiBroj`) VALUES ('3', 'Stajaliste 3', '78000');

/*---------------- autobuske stanice ----------------------------------------------*/
INSERT INTO `bus`.`autobuska_stanica` (`JIBStanice`, `Naziv`, `Adresa`, `PostanskiBroj`, `BrojTelefona`, `BrojPerona`, `WebStranica`, `Email`,`IdStajalista`, `Stanje`) VALUES ('1111111111111', 'AS Banja Luka', 'Petra Kocica 23', '78000', '051/344-214', '18', 'www.asbanjaluka.com', 'asbanjaluka@mail.com','1', 'Aktivno');
INSERT INTO `bus`.`autobuska_stanica` (`JIBStanice`, `Naziv`, `Adresa`, `PostanskiBroj`, `BrojTelefona`, `BrojPerona`, `WebStranica`, `Email`,`IdStajalista`, `Stanje`) VALUES ('2222222222222', 'AS Prijedor', 'Branka Copica 35', '79102', '052/654-654', '15', 'www.asprijedor.com', 'asprijedo@mail.com','1', 'Aktivno');
INSERT INTO `bus`.`autobuska_stanica` (`JIBStanice`, `Naziv`, `Adresa`, `PostanskiBroj`, `BrojTelefona`, `BrojPerona`, `WebStranica`, `Email`,`IdStajalista`, `Stanje`) VALUES ('3333333333333 ', 'AS Gradiska', 'Nikole Tesle 105', '78400', '051/122-233', '20', 'www.asgradiska.com', 'asgradiska@gmail.com','2', 'Aktivno');
INSERT INTO `bus`.`autobuska_stanica` (`JIBStanice`, `Naziv`, `Adresa`, `PostanskiBroj`, `BrojTelefona`, `BrojPerona`, `WebStranica`, `Email`,`IdStajalista`, `Stanje`) VALUES ('4444444444444', 'AS Prnjavor', 'Mihajla Pupina 12', '78430', '051/335-355', '12', 'www.asprnjavor.com', 'asprnjavor@gmail.com','2', 'Aktivno');
INSERT INTO `bus`.`autobuska_stanica` (`JIBStanice`, `Naziv`, `Adresa`, `PostanskiBroj`, `BrojTelefona`, `BrojPerona`, `WebStranica`, `Email`,`IdStajalista`, `Stanje`) VALUES ('5555555555555', 'AS Mrkonjic Grad', 'Sime Solaje 45', '70260', '050/456-456', '16', 'www.assipovo.com', 'assipovo@mail.com','3', 'Aktivno');

/*--------------Zaposleni----------------------------------------------------------*/

INSERT INTO `bus`.`zaposleni` (`JMBG`, `Ime`, `Prezime`, `Adresa`, `BrojTelefona`, `StrucnaSprema`, `Email`, `PostanskiBroj`, `Stanje`, `Pol`) VALUES ('1506988192664', 'Marko', 'Knežić', 'Dragočaj bb', '+38765764748', 'sss', 'mknezic88@gmail.com', '78215', 'Aktivno', 'Muški');
INSERT INTO `bus`.`zaposleni` (`JMBG`, `Ime`, `Prezime`, `Adresa`, `BrojTelefona`, `StrucnaSprema`, `Email`, `PostanskiBroj`, `Stanje`, `Pol`) VALUES ('1210993256987', 'Milan', 'Paspalj', 'Čatrnja bb', '+38765452965', 'vss', 'mpaspalj@yahoo.com', '78400', 'Aktivno', 'Muški');
INSERT INTO `bus`.`zaposleni` (`JMBG`, `Ime`, `Prezime`, `Adresa`, `BrojTelefona`, `StrucnaSprema`, `Email`, `PostanskiBroj`, `Stanje`, `Pol`) VALUES ('1304993125942', 'Vanja ', 'Ćulum', 'Mrkonjić Grad', '+38766951426', 'sss', 'vanjaculum@mail.com', '70260', 'Aktivno', 'Muški');
INSERT INTO `bus`.`zaposleni` (`JMBG`, `Ime`, `Prezime`, `Adresa`, `BrojTelefona`, `StrucnaSprema`, `Email`, `PostanskiBroj`, `Stanje`, `Pol`) VALUES ('2506985192448', 'Dragan', 'Savić', 'Brčko', '+38765879875', 'vss', 'ddragansavic@mail.com', '76100', 'Aktivno', 'Muški');
INSERT INTO `bus`.`zaposleni` (`JMBG`, `Ime`, `Prezime`, `Adresa`, `BrojTelefona`, `StrucnaSprema`, `Email`, `PostanskiBroj`, `Stanje`, `Pol`) VALUES ('1803001418963', 'Sanja ', 'Pavlović', 'Prijedor', '+3866123123', 'sss', 'pavlovicsanja01@gmail.com', '79102', 'Aktivno', 'Ženski');
INSERT INTO `bus`.`zaposleni` (`JMBG`, `Ime`, `Prezime`, `Adresa`, `BrojTelefona`, `StrucnaSprema`, `Email`, `PostanskiBroj`, `Stanje`, `Pol`) VALUES ('1408991685365', 'Ana', 'Lujić', 'Novi Grad', '+38766884966', 'sss', 'annalujic@gmail.com', '79220', 'Aktivno', 'Ženski');
INSERT INTO `bus`.`zaposleni` (`JMBG`, `Ime`, `Prezime`, `Adresa`, `BrojTelefona`, `StrucnaSprema`, `Email`, `PostanskiBroj`, `Stanje`, `Pol`) VALUES ('2902990369852', 'Anela ', 'Crljenković', 'Prijedor', '+38766322988', 'sss', 'anelacrljenkovic@yahoo.com', '79102', 'Aktivno', 'Ženski');
INSERT INTO `bus`.`zaposleni` (`JMBG`, `Ime`, `Prezime`, `Adresa`, `BrojTelefona`, `StrucnaSprema`, `Email`, `PostanskiBroj`, `Stanje`, `Pol`) VALUES ('3012987446113', 'Mitar', 'Žigić', 'Banja Luka', '+38765118956', 'vss', 'zigam44@mail.ru', '78000', 'Aktivno', 'Muški');
INSERT INTO `bus`.`zaposleni` (`JMBG`, `Ime`, `Prezime`, `Adresa`, `BrojTelefona`, `StrucnaSprema`, `Email`, `PostanskiBroj`, `Stanje`, `Pol`) VALUES ('0908954146698', 'Nikola', 'Balaban', 'Teslić', '+38765489321', 'sss', 'nindzobalaban@yahoo.com', '74270', 'Aktivno', 'Muški');
INSERT INTO `bus`.`zaposleni` (`JMBG`, `Ime`, `Prezime`, `Adresa`, `BrojTelefona`, `StrucnaSprema`, `Email`, `PostanskiBroj`, `Stanje`, `Pol`) VALUES ('1807992412396', 'Maja ', 'Jandrić', 'Mostar', '+38765976496', 'sss', 'mayajandric86@gmail,com', '88000', 'Aktivno', 'Ženski');

/*------------Nalog-------------------------------------------------------------*/
INSERT INTO `bus`.`nalog` (`KorisnickoIme`, `JMBG`, `Lozinka`, `Tip`, `Stanje`) VALUES ('mknezic', '1506988192664', '264C8C381BF16C982A4E59B0DD4C6F7808C51A05F64C35DB42CC78A2A72875BB', 'Administrator', 'Aktivno');
INSERT INTO `bus`.`nalog` (`KorisnickoIme`, `JMBG`, `Lozinka`, `Tip`, `Stanje`) VALUES ('mcfc93', '2506994256987', '264C8C381BF16C982A4E59B0DD4C6F7808C51A05F64C35DB42CC78A2A72875BB', 'Administrator', 'Aktivno');
INSERT INTO `bus`.`nalog` (`KorisnickoIme`, `JMBG`, `Lozinka`, `Tip`, `Stanje`) VALUES ('vculum', '1304993125942', '264C8C381BF16C982A4E59B0DD4C6F7808C51A05F64C35DB42CC78A2A72875BB', 'Administrator', 'Aktivno');
INSERT INTO `bus`.`nalog` (`KorisnickoIme`, `JMBG`, `Lozinka`, `Tip`, `JIBStanice`, `Stanje`) VALUES ('alujic', '1408991685365', '264C8C381BF16C982A4E59B0DD4C6F7808C51A05F64C35DB42CC78A2A72875BB', 'Administrativni radnik', '1111111111111', 'Aktivno');
INSERT INTO `bus`.`nalog` (`KorisnickoIme`, `JMBG`, `Lozinka`, `Tip`, `JIBStanice`, `Stanje`) VALUES ('canela', '2902990369852', '264C8C381BF16C982A4E59B0DD4C6F7808C51A05F64C35DB42CC78A2A72875BB', 'Šalterski radnik', '1111111111111', 'Aktivno');
INSERT INTO `bus`.`nalog` (`KorisnickoIme`, `JMBG`, `Lozinka`, `Tip`, `JIBStanice`, `Stanje`) VALUES ('mjandric', '1807992412396', '264C8C381BF16C982A4E59B0DD4C6F7808C51A05F64C35DB42CC78A2A72875BB', 'Šalterski radnik', '1111111111111', 'Aktivno');

/*-----------Praznik------------------------------------------------------------*/
INSERT INTO `bus`.`praznik` (`IdPraznika`, `Datum`, `Opis`) VALUES ('1', '1-1', 'Nova Godina');
INSERT INTO `bus`.`praznik` (`IdPraznika`, `Datum`, `Opis`) VALUES ('2', '1-2', 'Nova Godina');
INSERT INTO `bus`.`praznik` (`IdPraznika`, `Datum`, `Opis`) VALUES ('3', '1-14', 'Srpska Nova Godina');
INSERT INTO `bus`.`praznik` (`IdPraznika`, `Datum`, `Opis`) VALUES ('4', '5-1', 'Međunarodni praznik rada');
INSERT INTO `bus`.`praznik` (`IdPraznika`, `Datum`, `Opis`) VALUES ('5', '5-2', 'Medjunarodni praznik rada');
INSERT INTO `bus`.`praznik` (`IdPraznika`, `Datum`, `Opis`) VALUES ('6', '5-9', 'Dan pobjede nad fašizmom');
INSERT INTO `bus`.`praznik` (`IdPraznika`, `Datum`, `Opis`) VALUES ('7', '11-21', 'Dejtonski mirovni sporazum');
INSERT INTO `bus`.`praznik` (`IdPraznika`, `Datum`, `Opis`) VALUES ('8', '1-7', 'Pravoslavni Božić');
INSERT INTO `bus`.`praznik` (`IdPraznika`, `Datum`, `Opis`) VALUES ('9', '4-28', 'Pravoslavni Vaskrs');
INSERT INTO `bus`.`praznik` (`IdPraznika`, `Datum`, `Opis`) VALUES ('10', '4-26', 'Pravoslavni Veliki petak');
INSERT INTO `bus`.`praznik` (`IdPraznika`, `Datum`, `Opis`) VALUES ('11', '4-27', 'Pravoslavna Velika Subota');
INSERT INTO `bus`.`praznik` (`IdPraznika`, `Datum`, `Opis`) VALUES ('12', '4-29', 'Pravoslavni Uskrsni ponedeljak');

/*----------Prevoznik-----------------------------------------------------------*/
INSERT INTO `bus`.`prevoznik` (`JIBPrevoznika`, `NazivPrevoznika`, `Telefon`, `Email`, `WebAdresa`, `TekuciRacun`, `Adresa`, `PostanskiBroj`, `Stanje`) VALUES ('1000000000001', 'Pavlović Tours', '+387 51 663 995', 'pavlovictours@mail.com', 'www.pavlovictours.com', '590000033889654231', 'Neznanih junaka 25', '78400', 'Aktivno');
INSERT INTO `bus`.`prevoznik` (`JIBPrevoznika`, `NazivPrevoznika`, `Telefon`, `Email`, `WebAdresa`, `TekuciRacun`, `Adresa`, `PostanskiBroj`, `Stanje`) VALUES ('2000000000002', 'AD Autoprevoz', '+387 51 222 456', 'adautoprevoz@gmail.com', 'www.autoprevozbl.com', '120000056569993145', 'Miloša Obilića 10', '78000', 'Aktivno');
INSERT INTO `bus`.`prevoznik` (`JIBPrevoznika`, `NazivPrevoznika`, `Telefon`, `Email`, `WebAdresa`, `TekuciRacun`, `Adresa`, `PostanskiBroj`, `Stanje`) VALUES ('3000000000003', 'Golubić ', '+387 51 114 433', 'golubic@yahoo.com', 'www.golubic.com', '343400000988574124', 'Vuka Karadžića 55', '78000', 'Aktivno');

/*---------Linije---------------------------------------------------------------*/
INSERT INTO `bus`.`linija` (`IdLinije`, `NazivLinije`, `Peron`, `JIBPrevoznika`, `Stanje`) VALUES ('1', 'Prva Linija', '10', '1000000000001', 'Aktivno');
INSERT INTO `bus`.`linija` (`IdLinije`, `NazivLinije`, `Peron`, `JIBPrevoznika`, `Stanje`) VALUES ('2', 'Druga Linija', '12', '2000000000002', 'Aktivno');
INSERT INTO `bus`.`linija` (`IdLinije`, `NazivLinije`, `Peron`, `JIBPrevoznika`, `Stanje`) VALUES ('3', 'Treca Linija ', '15', '3000000000003', 'Aktivno');

/*---------Relacija-------------------------------------------------------------*/
INSERT INTO `bus`.`relacija` (`IdRelacije`, `IdLinije`, `Polaziste`, `Odrediste`, `VrijemePolaska`, `VrijemeDolaska`, `VrijemePolaskaPovratna`, `VrijemeDolaskaPovratna`, `CijenaJednokratna`, `Dani`) VALUES ('1', '1', '1', '2', '10:00:00', '12:00:00', '14:00:00', '16:00:00', '4.50', '1');
INSERT INTO `bus`.`relacija` (`IdRelacije`, `IdLinije`, `Polaziste`, `Odrediste`, `VrijemePolaska`, `VrijemeDolaska`, `CijenaJednokratna`, `Dani`) VALUES ('2', '2', '1', '3', '08:00:00', '11:00:00', '2.0', '1,2,3');
INSERT INTO `bus`.`relacija` (`IdRelacije`, `IdLinije`, `Polaziste`, `Odrediste`, `VrijemePolaska`, `VrijemeDolaska`, `VrijemePolaskaPovratna`, `VrijemeDolaskaPovratna`, `CijenaJednokratna`, `Dani`) VALUES ('3', '3', '2', '3', '06:00:00', '07:00:00', '18:00:00', '19:00:00', '3.0', '1,2,3,4,5,6');

/*---------Karta----------------------------------------------------------------*/
INSERT INTO `bus`.`karta` (`SerijskiBroj`, `IdRelacije`, `DatumPolaska`, `DatumIzdavanja`, `BrojSjedista`, `JIBStanice`, `Cijena`, `Stanje`) VALUES ('0500001', '1', '2019-01-14', '2019-01-14', '28', '1111111111111', '8.00', 'Aktivno');
INSERT INTO `bus`.`karta` (`SerijskiBroj`, `IdRelacije`, `DatumPolaska`, `DatumIzdavanja`, `JIBStanice`, `Cijena`, `Stanje`) VALUES ('190001', '2', '2019-01-01', '2019-01-14', '1111111111111', '25.0', 'Aktivno');

/*--------Rezervacija----------------------------------------------------------*/
INSERT INTO `bus`.`rezervacija` (`IdRezervacije`, `DatumRezervacije`, `KontaktOsoba`, `BrojTelefona`, `SerijskiBroj`, `Stanje`) VALUES ('1', '2019-01-14', 'Milenko', '+387 65 445 455', '0500001', 'Aktivno');

/*--------Mjesecna Karta ------------------------------------------------------*/
INSERT INTO `bus`.`mjesecna_karta` (`IdMjesecneKarte`, `Cijena`, `Ime`, `Prezime`, `Tip`, `SerijskiBroj`, `Stanje`) VALUES ('1', '35.0', 'Milica', 'Stanić', 'DJACKA', '190001', 'Aktivno');

/*--------Dani-----------------------------------------------------------------*/
INSERT INTO `bus`.`dani` (`Id`, `Opis`) VALUES ('1', 'Pondeljak');
INSERT INTO `bus`.`dani` (`Id`, `Opis`) VALUES ('2', 'Utorak');
INSERT INTO `bus`.`dani` (`Id`, `Opis`) VALUES ('3', 'Srijeda');
INSERT INTO `bus`.`dani` (`Id`, `Opis`) VALUES ('4', 'Čektvrt');
INSERT INTO `bus`.`dani` (`Id`, `Opis`) VALUES ('5', 'Petak');
INSERT INTO `bus`.`dani` (`Id`, `Opis`) VALUES ('6', 'Subota');
INSERT INTO `bus`.`dani` (`Id`, `Opis`) VALUES ('7', 'Nedelja');
INSERT INTO `bus`.`dani` (`Id`, `Opis`) VALUES ('8', 'Bez izmjene');
INSERT INTO `bus`.`dani` (`Id`, `Opis`) VALUES ('9', 'Ne vozi');


