/* -- -- -- mjesto -- -- -- */
INSERT INTO `bus`.`mjesto` (`PostanskiBroj`, `Naziv`) VALUES ('78000', 'Banja Luka');
INSERT INTO `bus`.`mjesto` (`PostanskiBroj`, `Naziv`) VALUES ('75290', 'Banovići');
INSERT INTO `bus`.`mjesto` (`PostanskiBroj`, `Naziv`) VALUES ('88363', 'Berkovići');
INSERT INTO `bus`.`mjesto` (`PostanskiBroj`, `Naziv`) VALUES ('77000', 'Bihać');
INSERT INTO `bus`.`mjesto` (`PostanskiBroj`, `Naziv`) VALUES ('76300', 'Bijeljina');
INSERT INTO `bus`.`mjesto` (`PostanskiBroj`, `Naziv`) VALUES ('89230', 'Bileća');
INSERT INTO `bus`.`mjesto` (`PostanskiBroj`, `Naziv`) VALUES ('88263', 'Blatnica');
INSERT INTO `bus`.`mjesto` (`PostanskiBroj`, `Naziv`) VALUES ('77240', 'Boračka Krupa');
INSERT INTO `bus`.`mjesto` (`PostanskiBroj`, `Naziv`) VALUES ('77250', 'Bosanski Petrovac');
INSERT INTO `bus`.`mjesto` (`PostanskiBroj`, `Naziv`) VALUES ('80270', 'Bosansko Grahovo');
INSERT INTO `bus`.`mjesto` (`PostanskiBroj`, `Naziv`) VALUES ('75420', 'Bratunac');
INSERT INTO `bus`.`mjesto` (`PostanskiBroj`, `Naziv`) VALUES ('76100 ','Brčko');
INSERT INTO `bus`.`mjesto` (`PostanskiBroj`, `Naziv`) VALUES ('74210', 'Brestovo');
INSERT INTO `bus`.`mjesto` (`PostanskiBroj`, `Naziv`) VALUES ('73309', 'Brod');
INSERT INTO `bus`.`mjesto` (`PostanskiBroj`, `Naziv`) VALUES ('70230', 'Bugojno');
INSERT INTO `bus`.`mjesto` (`PostanskiBroj`, `Naziv`) VALUES ('72260', 'Busovača');
INSERT INTO `bus`.`mjesto` (`PostanskiBroj`, `Naziv`) VALUES ('77245', 'Bužim');
INSERT INTO `bus`.`mjesto` (`PostanskiBroj`, `Naziv`) VALUES ('77220', 'Cazin');
INSERT INTO `bus`.`mjesto` (`PostanskiBroj`, `Naziv`) VALUES ('76239', 'Crkvina');
INSERT INTO `bus`.`mjesto` (`PostanskiBroj`, `Naziv`) VALUES ('73280', 'Čajniče');
INSERT INTO `bus`.`mjesto` (`PostanskiBroj`, `Naziv`) VALUES ('88300', 'Čapljina');
INSERT INTO `bus`.`mjesto` (`PostanskiBroj`, `Naziv`) VALUES ('74274', 'Čečava');
INSERT INTO `bus`.`mjesto` (`PostanskiBroj`, `Naziv`) VALUES ('73307', 'Čelebici');
INSERT INTO `bus`.`mjesto` (`PostanskiBroj`, `Naziv`) VALUES ('78240', 'Čelinac');
INSERT INTO `bus`.`mjesto` (`PostanskiBroj`, `Naziv`) VALUES ('88260', 'Čitluk');
INSERT INTO `bus`.`mjesto` (`PostanskiBroj`, `Naziv`) VALUES ('74400', 'Derventa');
INSERT INTO `bus`.`mjesto` (`PostanskiBroj`, `Naziv`) VALUES ('74101', 'Doboj');
INSERT INTO `bus`.`mjesto` (`PostanskiBroj`, `Naziv`) VALUES ('78215', 'Dragočaj');
INSERT INTO `bus`.`mjesto` (`PostanskiBroj`, `Naziv`) VALUES ('79290', 'Drinić');
INSERT INTO `bus`.`mjesto` (`PostanskiBroj`, `Naziv`) VALUES ('80260', 'Drvar');
INSERT INTO `bus`.`mjesto` (`PostanskiBroj`, `Naziv`) VALUES ('78411', 'Dubrave');
INSERT INTO `bus`.`mjesto` (`PostanskiBroj`, `Naziv`) VALUES ('73302', 'Foča');
INSERT INTO `bus`.`mjesto` (`PostanskiBroj`, `Naziv`) VALUES ('89247', 'Fojnica');
INSERT INTO `bus`.`mjesto` (`PostanskiBroj`, `Naziv`) VALUES ('89240', 'Gacko');
INSERT INTO `bus`.`mjesto` (`PostanskiBroj`, `Naziv`) VALUES ('80230', 'Glamoč');
INSERT INTO `bus`.`mjesto` (`PostanskiBroj`, `Naziv`) VALUES ('88392', 'Gradac');
INSERT INTO `bus`.`mjesto` (`PostanskiBroj`, `Naziv`) VALUES ('78203', 'Goleši');
INSERT INTO `bus`.`mjesto` (`PostanskiBroj`, `Naziv`) VALUES ('73101', 'Goražde');
INSERT INTO `bus`.`mjesto` (`PostanskiBroj`, `Naziv`) VALUES ('79288', 'Gornji Ribnik');
INSERT INTO `bus`.`mjesto` (`PostanskiBroj`, `Naziv`) VALUES ('89201', 'Grab');
INSERT INTO `bus`.`mjesto` (`PostanskiBroj`, `Naziv`) VALUES ('75320', 'Gračanica');
INSERT INTO `bus`.`mjesto` (`PostanskiBroj`, `Naziv`) VALUES ('78400', 'Gradiška');
INSERT INTO `bus`.`mjesto` (`PostanskiBroj`, `Naziv`) VALUES ('71240', 'Hadzići');
INSERT INTO `bus`.`mjesto` (`PostanskiBroj`, `Naziv`) VALUES ('71360', 'Han Pijesak');
INSERT INTO `bus`.`mjesto` (`PostanskiBroj`, `Naziv`) VALUES ('71144', 'Hreša');
INSERT INTO `bus`.`mjesto` (`PostanskiBroj`, `Naziv`) VALUES ('78436', 'Hrvaćani');
INSERT INTO `bus`.`mjesto` (`PostanskiBroj`, `Naziv`) VALUES ('71210', 'Ilidža');
INSERT INTO `bus`.`mjesto` (`PostanskiBroj`, `Naziv`) VALUES ('71280', 'Ilijaš');
INSERT INTO `bus`.`mjesto` (`PostanskiBroj`, `Naziv`) VALUES ('71123', 'Istočno Sarajevo');
INSERT INTO `bus`.`mjesto` (`PostanskiBroj`, `Naziv`) VALUES ('88420', 'Jablanica');
INSERT INTO `bus`.`mjesto` (`PostanskiBroj`, `Naziv`) VALUES ('70101', 'Jajce');
INSERT INTO `bus`.`mjesto` (`PostanskiBroj`, `Naziv`) VALUES ('70206', 'Jezero');
INSERT INTO `bus`.`mjesto` (`PostanskiBroj`, `Naziv`) VALUES ('72240', 'Kakanj');
INSERT INTO `bus`.`mjesto` (`PostanskiBroj`, `Naziv`) VALUES ('75260', 'Kalesija');
INSERT INTO `bus`.`mjesto` (`PostanskiBroj`, `Naziv`) VALUES ('71230', 'Kalinovik');
INSERT INTO `bus`.`mjesto` (`PostanskiBroj`, `Naziv`) VALUES ('77204', 'Kamenica');
INSERT INTO `bus`.`mjesto` (`PostanskiBroj`, `Naziv`) VALUES ('72265', 'Kaonik');
INSERT INTO `bus`.`mjesto` (`PostanskiBroj`, `Naziv`) VALUES ('71250', 'Kiseljak');
INSERT INTO `bus`.`mjesto` (`PostanskiBroj`, `Naziv`) VALUES ('79280', 'Ključ');
INSERT INTO `bus`.`mjesto` (`PostanskiBroj`, `Naziv`) VALUES ('78230', 'Kneževo');
INSERT INTO `bus`.`mjesto` (`PostanskiBroj`, `Naziv`) VALUES ('79246', 'Knežica');
INSERT INTO `bus`.`mjesto` (`PostanskiBroj`, `Naziv`) VALUES ('74222', 'Kostajnica');
INSERT INTO `bus`.`mjesto` (`PostanskiBroj`, `Naziv`) VALUES ('78220', 'Kotor Varoš');
INSERT INTO `bus`.`mjesto` (`PostanskiBroj`, `Naziv`) VALUES ('79202', 'Kozarac');
INSERT INTO `bus`.`mjesto` (`PostanskiBroj`, `Naziv`) VALUES ('79240', 'Kozarska Dubica');
INSERT INTO `bus`.`mjesto` (`PostanskiBroj`, `Naziv`) VALUES ('78443', 'Kulaši');
INSERT INTO `bus`.`mjesto` (`PostanskiBroj`, `Naziv`) VALUES ('78250', 'Laktaši');
INSERT INTO `bus`.`mjesto` (`PostanskiBroj`, `Naziv`) VALUES ('80101', 'Livno');
INSERT INTO `bus`.`mjesto` (`PostanskiBroj`, `Naziv`) VALUES ('75240', 'Lopare');
INSERT INTO `bus`.`mjesto` (`PostanskiBroj`, `Naziv`) VALUES ('75327', 'Lukavica');
INSERT INTO `bus`.`mjesto` (`PostanskiBroj`, `Naziv`) VALUES ('88380', 'Ljubinje');
INSERT INTO `bus`.`mjesto` (`PostanskiBroj`, `Naziv`) VALUES ('88320', 'Ljubuški');
INSERT INTO `bus`.`mjesto` (`PostanskiBroj`, `Naziv`) VALUES ('74250', 'Maglaj');
INSERT INTO `bus`.`mjesto` (`PostanskiBroj`, `Naziv`) VALUES ('78223', 'Maslovare');
INSERT INTO `bus`.`mjesto` (`PostanskiBroj`, `Naziv`) VALUES ('78410', 'Mašići');
INSERT INTO `bus`.`mjesto` (`PostanskiBroj`, `Naziv`) VALUES ('74203', 'Matuzići');
INSERT INTO `bus`.`mjesto` (`PostanskiBroj`, `Naziv`) VALUES ('75446', 'Milići');
INSERT INTO `bus`.`mjesto` (`PostanskiBroj`, `Naziv`) VALUES ('74480', 'Modriča');
INSERT INTO `bus`.`mjesto` (`PostanskiBroj`, `Naziv`) VALUES ('88000', 'Mostar');
INSERT INTO `bus`.`mjesto` (`PostanskiBroj`, `Naziv`) VALUES ('70260', 'Mrkonjić Grad');
INSERT INTO `bus`.`mjesto` (`PostanskiBroj`, `Naziv`) VALUES ('88390', 'Neum');
INSERT INTO `bus`.`mjesto` (`PostanskiBroj`, `Naziv`) VALUES ('80280', 'Nevesinje');
INSERT INTO `bus`.`mjesto` (`PostanskiBroj`, `Naziv`) VALUES ('79220', 'Novi Grad');
INSERT INTO `bus`.`mjesto` (`PostanskiBroj`, `Naziv`) VALUES ('73110', 'Novo Goražde');
INSERT INTO `bus`.`mjesto` (`PostanskiBroj`, `Naziv`) VALUES ('79263', 'Oštra Luka');
INSERT INTO `bus`.`mjesto` (`PostanskiBroj`, `Naziv`) VALUES ('71420', 'Pale');
INSERT INTO `bus`.`mjesto` (`PostanskiBroj`, `Naziv`) VALUES ('78218', 'Piskavica');
INSERT INTO `bus`.`mjesto` (`PostanskiBroj`, `Naziv`) VALUES ('70266', 'Podrašnica');
INSERT INTO `bus`.`mjesto` (`PostanskiBroj`, `Naziv`) VALUES ('88240', 'Posušje');
INSERT INTO `bus`.`mjesto` (`PostanskiBroj`, `Naziv`) VALUES ('79102', 'Prijedor');
INSERT INTO `bus`.`mjesto` (`PostanskiBroj`, `Naziv`) VALUES ('78430', 'Prnjavor');
INSERT INTO `bus`.`mjesto` (`PostanskiBroj`, `Naziv`) VALUES ('79260', 'Sanski Most');
INSERT INTO `bus`.`mjesto` (`PostanskiBroj`, `Naziv`) VALUES ('71000', 'Sarajevo');
INSERT INTO `bus`.`mjesto` (`PostanskiBroj`, `Naziv`) VALUES ('71350', 'Sokolac');
INSERT INTO `bus`.`mjesto` (`PostanskiBroj`, `Naziv`) VALUES ('76230', 'Šamac');
INSERT INTO `bus`.`mjesto` (`PostanskiBroj`, `Naziv`) VALUES ('75450', 'Šekovići');
INSERT INTO `bus`.`mjesto` (`PostanskiBroj`, `Naziv`) VALUES ('70270', 'Šipovo');
INSERT INTO `bus`.`mjesto` (`PostanskiBroj`, `Naziv`) VALUES ('74270', 'Teslić');
INSERT INTO `bus`.`mjesto` (`PostanskiBroj`, `Naziv`) VALUES ('74260', 'Tešanj');
INSERT INTO `bus`.`mjesto` (`PostanskiBroj`, `Naziv`) VALUES ('80240', 'Tomislavgrad');
INSERT INTO `bus`.`mjesto` (`PostanskiBroj`, `Naziv`) VALUES ('72270', 'Travnik');
INSERT INTO `bus`.`mjesto` (`PostanskiBroj`, `Naziv`) VALUES ('89101', 'Trebinje');
INSERT INTO `bus`.`mjesto` (`PostanskiBroj`, `Naziv`) VALUES ('75000', 'Tuzla');
INSERT INTO `bus`.`mjesto` (`PostanskiBroj`, `Naziv`) VALUES ('76330', 'Ugljevik');
INSERT INTO `bus`.`mjesto` (`PostanskiBroj`, `Naziv`) VALUES ('70280', 'Uskoplje');
INSERT INTO `bus`.`mjesto` (`PostanskiBroj`, `Naziv`) VALUES ('73249', 'Vardište');
INSERT INTO `bus`.`mjesto` (`PostanskiBroj`, `Naziv`) VALUES ('71330', 'Vareš');
INSERT INTO `bus`.`mjesto` (`PostanskiBroj`, `Naziv`) VALUES ('77230', 'Velika Kladuša');
INSERT INTO `bus`.`mjesto` (`PostanskiBroj`, `Naziv`) VALUES ('71300', 'Visoko');
INSERT INTO `bus`.`mjesto` (`PostanskiBroj`, `Naziv`) VALUES ('73240', 'Višegrad');
INSERT INTO `bus`.`mjesto` (`PostanskiBroj`, `Naziv`) VALUES ('72250', 'Vitez');
INSERT INTO `bus`.`mjesto` (`PostanskiBroj`, `Naziv`) VALUES ('71320', 'Vogošća');
INSERT INTO `bus`.`mjesto` (`PostanskiBroj`, `Naziv`) VALUES ('72227', 'Vozuća');
INSERT INTO `bus`.`mjesto` (`PostanskiBroj`, `Naziv`) VALUES ('74470', 'Vukosavlje');
INSERT INTO `bus`.`mjesto` (`PostanskiBroj`, `Naziv`) VALUES ('72220', 'Zavidovići');
INSERT INTO `bus`.`mjesto` (`PostanskiBroj`, `Naziv`) VALUES ('72101', 'Zenica');
INSERT INTO `bus`.`mjesto` (`PostanskiBroj`, `Naziv`) VALUES ('75400', 'Zvornik');
INSERT INTO `bus`.`mjesto` (`PostanskiBroj`, `Naziv`) VALUES ('72230', 'Žepče');
INSERT INTO `bus`.`mjesto` (`PostanskiBroj`, `Naziv`) VALUES ('75270', 'Živinice');



/* -- -- -- autobusko_stajaliste -- -- -- */
INSERT INTO `bus`.`autobusko_stajaliste` (`PostanskiBroj`, `Naziv`) VALUES ('78000', 'Banja Luka');
INSERT INTO `bus`.`autobusko_stajaliste` (`PostanskiBroj`, `Naziv`) VALUES ('75290', 'Banovići');
INSERT INTO `bus`.`autobusko_stajaliste` (`PostanskiBroj`, `Naziv`) VALUES ('88363', 'Berkovići');
INSERT INTO `bus`.`autobusko_stajaliste` (`PostanskiBroj`, `Naziv`) VALUES ('77000', 'Bihać');
INSERT INTO `bus`.`autobusko_stajaliste` (`PostanskiBroj`, `Naziv`) VALUES ('76300', 'Bijeljina');
INSERT INTO `bus`.`autobusko_stajaliste` (`PostanskiBroj`, `Naziv`) VALUES ('89230', 'Bileća');
INSERT INTO `bus`.`autobusko_stajaliste` (`PostanskiBroj`, `Naziv`) VALUES ('88263', 'Blatnica');
INSERT INTO `bus`.`autobusko_stajaliste` (`PostanskiBroj`, `Naziv`) VALUES ('77240', 'Boračka Krupa');
INSERT INTO `bus`.`autobusko_stajaliste` (`PostanskiBroj`, `Naziv`) VALUES ('77250', 'Bosanski Petrovac');
INSERT INTO `bus`.`autobusko_stajaliste` (`PostanskiBroj`, `Naziv`) VALUES ('80270', 'Bosansko Grahovo');
INSERT INTO `bus`.`autobusko_stajaliste` (`PostanskiBroj`, `Naziv`) VALUES ('75420', 'Bratunac');
INSERT INTO `bus`.`autobusko_stajaliste` (`PostanskiBroj`, `Naziv`) VALUES ('76100 ','Brčko');
INSERT INTO `bus`.`autobusko_stajaliste` (`PostanskiBroj`, `Naziv`) VALUES ('74210', 'Brestovo');
INSERT INTO `bus`.`autobusko_stajaliste` (`PostanskiBroj`, `Naziv`) VALUES ('73309', 'Brod');
INSERT INTO `bus`.`autobusko_stajaliste` (`PostanskiBroj`, `Naziv`) VALUES ('70230', 'Bugojno');
INSERT INTO `bus`.`autobusko_stajaliste` (`PostanskiBroj`, `Naziv`) VALUES ('72260', 'Busovača');
INSERT INTO `bus`.`autobusko_stajaliste` (`PostanskiBroj`, `Naziv`) VALUES ('77245', 'Bužim');
INSERT INTO `bus`.`autobusko_stajaliste` (`PostanskiBroj`, `Naziv`) VALUES ('77220', 'Cazin');
INSERT INTO `bus`.`autobusko_stajaliste` (`PostanskiBroj`, `Naziv`) VALUES ('76239', 'Crkvina');
INSERT INTO `bus`.`autobusko_stajaliste` (`PostanskiBroj`, `Naziv`) VALUES ('73280', 'Čajniče');
INSERT INTO `bus`.`autobusko_stajaliste` (`PostanskiBroj`, `Naziv`) VALUES ('88300', 'Čapljina');
INSERT INTO `bus`.`autobusko_stajaliste` (`PostanskiBroj`, `Naziv`) VALUES ('74274', 'Čečava');
INSERT INTO `bus`.`autobusko_stajaliste` (`PostanskiBroj`, `Naziv`) VALUES ('73307', 'Čelebici');
INSERT INTO `bus`.`autobusko_stajaliste` (`PostanskiBroj`, `Naziv`) VALUES ('78240', 'Čelinac');
INSERT INTO `bus`.`autobusko_stajaliste` (`PostanskiBroj`, `Naziv`) VALUES ('88260', 'Čitluk');
INSERT INTO `bus`.`autobusko_stajaliste` (`PostanskiBroj`, `Naziv`) VALUES ('74400', 'Derventa');
INSERT INTO `bus`.`autobusko_stajaliste` (`PostanskiBroj`, `Naziv`) VALUES ('74101', 'Doboj');
INSERT INTO `bus`.`autobusko_stajaliste` (`PostanskiBroj`, `Naziv`) VALUES ('78215', 'Dragočaj');
INSERT INTO `bus`.`autobusko_stajaliste` (`PostanskiBroj`, `Naziv`) VALUES ('79290', 'Drinić');
INSERT INTO `bus`.`autobusko_stajaliste` (`PostanskiBroj`, `Naziv`) VALUES ('80260', 'Drvar');
INSERT INTO `bus`.`autobusko_stajaliste` (`PostanskiBroj`, `Naziv`) VALUES ('78411', 'Dubrave');
INSERT INTO `bus`.`autobusko_stajaliste` (`PostanskiBroj`, `Naziv`) VALUES ('73302', 'Foča');
INSERT INTO `bus`.`autobusko_stajaliste` (`PostanskiBroj`, `Naziv`) VALUES ('89247', 'Fojnica');
INSERT INTO `bus`.`autobusko_stajaliste` (`PostanskiBroj`, `Naziv`) VALUES ('89240', 'Gacko');
INSERT INTO `bus`.`autobusko_stajaliste` (`PostanskiBroj`, `Naziv`) VALUES ('80230', 'Glamoč');
INSERT INTO `bus`.`autobusko_stajaliste` (`PostanskiBroj`, `Naziv`) VALUES ('88392', 'Gradac');
INSERT INTO `bus`.`autobusko_stajaliste` (`PostanskiBroj`, `Naziv`) VALUES ('78203', 'Goleši');
INSERT INTO `bus`.`autobusko_stajaliste` (`PostanskiBroj`, `Naziv`) VALUES ('73101', 'Goražde');
INSERT INTO `bus`.`autobusko_stajaliste` (`PostanskiBroj`, `Naziv`) VALUES ('79288', 'Gornji Ribnik');
INSERT INTO `bus`.`autobusko_stajaliste` (`PostanskiBroj`, `Naziv`) VALUES ('89201', 'Grab');
INSERT INTO `bus`.`autobusko_stajaliste` (`PostanskiBroj`, `Naziv`) VALUES ('75320', 'Gračanica');
INSERT INTO `bus`.`autobusko_stajaliste` (`PostanskiBroj`, `Naziv`) VALUES ('78400', 'Gradiška');
INSERT INTO `bus`.`autobusko_stajaliste` (`PostanskiBroj`, `Naziv`) VALUES ('71240', 'Hadzići');
INSERT INTO `bus`.`autobusko_stajaliste` (`PostanskiBroj`, `Naziv`) VALUES ('71360', 'Han Pijesak');
INSERT INTO `bus`.`autobusko_stajaliste` (`PostanskiBroj`, `Naziv`) VALUES ('71144', 'Hreša');
INSERT INTO `bus`.`autobusko_stajaliste` (`PostanskiBroj`, `Naziv`) VALUES ('78436', 'Hrvaćani');
INSERT INTO `bus`.`autobusko_stajaliste` (`PostanskiBroj`, `Naziv`) VALUES ('71210', 'Ilidža');
INSERT INTO `bus`.`autobusko_stajaliste` (`PostanskiBroj`, `Naziv`) VALUES ('71280', 'Ilijaš');
INSERT INTO `bus`.`autobusko_stajaliste` (`PostanskiBroj`, `Naziv`) VALUES ('71123', 'Istočno Sarajevo');
INSERT INTO `bus`.`autobusko_stajaliste` (`PostanskiBroj`, `Naziv`) VALUES ('88420', 'Jablanica');
INSERT INTO `bus`.`autobusko_stajaliste` (`PostanskiBroj`, `Naziv`) VALUES ('70101', 'Jajce');
INSERT INTO `bus`.`autobusko_stajaliste` (`PostanskiBroj`, `Naziv`) VALUES ('70206', 'Jezero');
INSERT INTO `bus`.`autobusko_stajaliste` (`PostanskiBroj`, `Naziv`) VALUES ('72240', 'Kakanj');
INSERT INTO `bus`.`autobusko_stajaliste` (`PostanskiBroj`, `Naziv`) VALUES ('75260', 'Kalesija');
INSERT INTO `bus`.`autobusko_stajaliste` (`PostanskiBroj`, `Naziv`) VALUES ('71230', 'Kalinovik');
INSERT INTO `bus`.`autobusko_stajaliste` (`PostanskiBroj`, `Naziv`) VALUES ('77204', 'Kamenica');
INSERT INTO `bus`.`autobusko_stajaliste` (`PostanskiBroj`, `Naziv`) VALUES ('72265', 'Kaonik');
INSERT INTO `bus`.`autobusko_stajaliste` (`PostanskiBroj`, `Naziv`) VALUES ('71250', 'Kiseljak');
INSERT INTO `bus`.`autobusko_stajaliste` (`PostanskiBroj`, `Naziv`) VALUES ('79280', 'Ključ');
INSERT INTO `bus`.`autobusko_stajaliste` (`PostanskiBroj`, `Naziv`) VALUES ('78230', 'Kneževo');
INSERT INTO `bus`.`autobusko_stajaliste` (`PostanskiBroj`, `Naziv`) VALUES ('79246', 'Knežica');
INSERT INTO `bus`.`autobusko_stajaliste` (`PostanskiBroj`, `Naziv`) VALUES ('74222', 'Kostajnica');
INSERT INTO `bus`.`autobusko_stajaliste` (`PostanskiBroj`, `Naziv`) VALUES ('78220', 'Kotor Varoš');
INSERT INTO `bus`.`autobusko_stajaliste` (`PostanskiBroj`, `Naziv`) VALUES ('79202', 'Kozarac');
INSERT INTO `bus`.`autobusko_stajaliste` (`PostanskiBroj`, `Naziv`) VALUES ('79240', 'Kozarska Dubica');
INSERT INTO `bus`.`autobusko_stajaliste` (`PostanskiBroj`, `Naziv`) VALUES ('78443', 'Kulaši');
INSERT INTO `bus`.`autobusko_stajaliste` (`PostanskiBroj`, `Naziv`) VALUES ('78250', 'Laktaši');
INSERT INTO `bus`.`autobusko_stajaliste` (`PostanskiBroj`, `Naziv`) VALUES ('80101', 'Livno');
INSERT INTO `bus`.`autobusko_stajaliste` (`PostanskiBroj`, `Naziv`) VALUES ('75240', 'Lopare');
INSERT INTO `bus`.`autobusko_stajaliste` (`PostanskiBroj`, `Naziv`) VALUES ('75327', 'Lukavica');
INSERT INTO `bus`.`autobusko_stajaliste` (`PostanskiBroj`, `Naziv`) VALUES ('88380', 'Ljubinje');
INSERT INTO `bus`.`autobusko_stajaliste` (`PostanskiBroj`, `Naziv`) VALUES ('88320', 'Ljubuški');
INSERT INTO `bus`.`autobusko_stajaliste` (`PostanskiBroj`, `Naziv`) VALUES ('74250', 'Maglaj');
INSERT INTO `bus`.`autobusko_stajaliste` (`PostanskiBroj`, `Naziv`) VALUES ('78223', 'Maslovare');
INSERT INTO `bus`.`autobusko_stajaliste` (`PostanskiBroj`, `Naziv`) VALUES ('78410', 'Mašići');
INSERT INTO `bus`.`autobusko_stajaliste` (`PostanskiBroj`, `Naziv`) VALUES ('74203', 'Matuzići');
INSERT INTO `bus`.`autobusko_stajaliste` (`PostanskiBroj`, `Naziv`) VALUES ('75446', 'Milići');
INSERT INTO `bus`.`autobusko_stajaliste` (`PostanskiBroj`, `Naziv`) VALUES ('74480', 'Modriča');
INSERT INTO `bus`.`autobusko_stajaliste` (`PostanskiBroj`, `Naziv`) VALUES ('88000', 'Mostar');
INSERT INTO `bus`.`autobusko_stajaliste` (`PostanskiBroj`, `Naziv`) VALUES ('70260', 'Mrkonjić Grad');
INSERT INTO `bus`.`autobusko_stajaliste` (`PostanskiBroj`, `Naziv`) VALUES ('88390', 'Neum');
INSERT INTO `bus`.`autobusko_stajaliste` (`PostanskiBroj`, `Naziv`) VALUES ('80280', 'Nevesinje');
INSERT INTO `bus`.`autobusko_stajaliste` (`PostanskiBroj`, `Naziv`) VALUES ('79220', 'Novi Grad');
INSERT INTO `bus`.`autobusko_stajaliste` (`PostanskiBroj`, `Naziv`) VALUES ('73110', 'Novo Goražde');
INSERT INTO `bus`.`autobusko_stajaliste` (`PostanskiBroj`, `Naziv`) VALUES ('79263', 'Oštra Luka');
INSERT INTO `bus`.`autobusko_stajaliste` (`PostanskiBroj`, `Naziv`) VALUES ('71420', 'Pale');
INSERT INTO `bus`.`autobusko_stajaliste` (`PostanskiBroj`, `Naziv`) VALUES ('78218', 'Piskavica');
INSERT INTO `bus`.`autobusko_stajaliste` (`PostanskiBroj`, `Naziv`) VALUES ('70266', 'Podrašnica');
INSERT INTO `bus`.`autobusko_stajaliste` (`PostanskiBroj`, `Naziv`) VALUES ('88240', 'Posušje');
INSERT INTO `bus`.`autobusko_stajaliste` (`PostanskiBroj`, `Naziv`) VALUES ('79102', 'Prijedor');
INSERT INTO `bus`.`autobusko_stajaliste` (`PostanskiBroj`, `Naziv`) VALUES ('78430', 'Prnjavor');
INSERT INTO `bus`.`autobusko_stajaliste` (`PostanskiBroj`, `Naziv`) VALUES ('79260', 'Sanski Most');
INSERT INTO `bus`.`autobusko_stajaliste` (`PostanskiBroj`, `Naziv`) VALUES ('71000', 'Sarajevo');
INSERT INTO `bus`.`autobusko_stajaliste` (`PostanskiBroj`, `Naziv`) VALUES ('71350', 'Sokolac');
INSERT INTO `bus`.`autobusko_stajaliste` (`PostanskiBroj`, `Naziv`) VALUES ('76230', 'Šamac');
INSERT INTO `bus`.`autobusko_stajaliste` (`PostanskiBroj`, `Naziv`) VALUES ('75450', 'Šekovići');
INSERT INTO `bus`.`autobusko_stajaliste` (`PostanskiBroj`, `Naziv`) VALUES ('70270', 'Šipovo');
INSERT INTO `bus`.`autobusko_stajaliste` (`PostanskiBroj`, `Naziv`) VALUES ('74270', 'Teslić');
INSERT INTO `bus`.`autobusko_stajaliste` (`PostanskiBroj`, `Naziv`) VALUES ('74260', 'Tešanj');
INSERT INTO `bus`.`autobusko_stajaliste` (`PostanskiBroj`, `Naziv`) VALUES ('80240', 'Tomislavgrad');
INSERT INTO `bus`.`autobusko_stajaliste` (`PostanskiBroj`, `Naziv`) VALUES ('72270', 'Travnik');
INSERT INTO `bus`.`autobusko_stajaliste` (`PostanskiBroj`, `Naziv`) VALUES ('89101', 'Trebinje');
INSERT INTO `bus`.`autobusko_stajaliste` (`PostanskiBroj`, `Naziv`) VALUES ('75000', 'Tuzla');
INSERT INTO `bus`.`autobusko_stajaliste` (`PostanskiBroj`, `Naziv`) VALUES ('76330', 'Ugljevik');
INSERT INTO `bus`.`autobusko_stajaliste` (`PostanskiBroj`, `Naziv`) VALUES ('70280', 'Uskoplje');
INSERT INTO `bus`.`autobusko_stajaliste` (`PostanskiBroj`, `Naziv`) VALUES ('73249', 'Vardište');
INSERT INTO `bus`.`autobusko_stajaliste` (`PostanskiBroj`, `Naziv`) VALUES ('71330', 'Vareš');
INSERT INTO `bus`.`autobusko_stajaliste` (`PostanskiBroj`, `Naziv`) VALUES ('77230', 'Velika Kladuša');
INSERT INTO `bus`.`autobusko_stajaliste` (`PostanskiBroj`, `Naziv`) VALUES ('71300', 'Visoko');
INSERT INTO `bus`.`autobusko_stajaliste` (`PostanskiBroj`, `Naziv`) VALUES ('73240', 'Višegrad');
INSERT INTO `bus`.`autobusko_stajaliste` (`PostanskiBroj`, `Naziv`) VALUES ('72250', 'Vitez');
INSERT INTO `bus`.`autobusko_stajaliste` (`PostanskiBroj`, `Naziv`) VALUES ('71320', 'Vogošća');
INSERT INTO `bus`.`autobusko_stajaliste` (`PostanskiBroj`, `Naziv`) VALUES ('72227', 'Vozuća');
INSERT INTO `bus`.`autobusko_stajaliste` (`PostanskiBroj`, `Naziv`) VALUES ('74470', 'Vukosavlje');
INSERT INTO `bus`.`autobusko_stajaliste` (`PostanskiBroj`, `Naziv`) VALUES ('72220', 'Zavidovići');
INSERT INTO `bus`.`autobusko_stajaliste` (`PostanskiBroj`, `Naziv`) VALUES ('72101', 'Zenica');
INSERT INTO `bus`.`autobusko_stajaliste` (`PostanskiBroj`, `Naziv`) VALUES ('75400', 'Zvornik');
INSERT INTO `bus`.`autobusko_stajaliste` (`PostanskiBroj`, `Naziv`) VALUES ('72230', 'Žepče');
INSERT INTO `bus`.`autobusko_stajaliste` (`PostanskiBroj`, `Naziv`) VALUES ('75270', 'Živinice');


/* -- -- -- autobuska_stanica -- -- -- */
INSERT INTO `bus`.`autobusko_stajaliste` (`PostanskiBroj`, `Naziv`) VALUES ('78000', 'Autobuska Stanica Banja Luka');
INSERT INTO `bus`.`autobusko_stajaliste` (`PostanskiBroj`, `Naziv`) VALUES ('78400', 'Autobuska Stanica Gradiška');
INSERT INTO `bus`.`autobusko_stajaliste` (`PostanskiBroj`, `Naziv`) VALUES ('79102', 'Autobuska Stanica Prijedor');
INSERT INTO `bus`.`autobusko_stajaliste` (`PostanskiBroj`, `Naziv`) VALUES ('74400', 'Autobuska Stanica Derventa');
INSERT INTO `bus`.`autobusko_stajaliste` (`PostanskiBroj`, `Naziv`) VALUES ('70260', 'Autobuska Stanica Mrkonjić Grad');

INSERT INTO `bus`.`autobuska_stanica` (`JIBStanice`, `Naziv`, `Adresa`, `PostanskiBroj`, `BrojTelefona`, `BrojPerona`, `WebStranica`, `Email`,`IdStajalista`, `Stanje`) VALUES ('1111111111111', 'Autobuska Stanica Banja Luka', 'Braće Podgornika', '78000', '+387 51 922 000', '30', 'www.asbanjaluka.com', 'asbanjaluka@mail.com','120', 'Aktivno');
INSERT INTO `bus`.`autobuska_stanica` (`JIBStanice`, `Naziv`, `Adresa`, `PostanskiBroj`, `BrojTelefona`, `BrojPerona`, `WebStranica`, `Email`,`IdStajalista`, `Stanje`) VALUES ('2222222222222', 'Autobuska Stanica Gradiška', 'Vuka Karadžića', '78400', '+387 51 813 500', '24', 'www.asgradiska.com', 'asgradiska@mail.com','121', 'Aktivno');
INSERT INTO `bus`.`autobuska_stanica` (`JIBStanice`, `Naziv`, `Adresa`, `PostanskiBroj`, `BrojTelefona`, `BrojPerona`, `WebStranica`, `Email`,`IdStajalista`, `Stanje`) VALUES ('3333333333333 ', 'Autobuska Stanica Prijedor', 'Petra Petrovića Njegoša', '79102', '+387 52 240 150', '20', 'www.asprijedor.com', 'asprijedor@gmail.com','122', 'Aktivno');
INSERT INTO `bus`.`autobuska_stanica` (`JIBStanice`, `Naziv`, `Adresa`, `PostanskiBroj`, `BrojTelefona`, `BrojPerona`, `WebStranica`, `Email`,`IdStajalista`, `Stanje`) VALUES ('4444444444444', 'Autobuska Stanica Derventa', 'Milovana Bjeloševića Belog bb', '74400', '+387 53 333 499', '16', 'www.asderventa.com', 'asderventa@mail.com','123', 'Aktivno');
INSERT INTO `bus`.`autobuska_stanica` (`JIBStanice`, `Naziv`, `Adresa`, `PostanskiBroj`, `BrojTelefona`, `BrojPerona`, `WebStranica`, `Email`,`IdStajalista`, `Stanje`) VALUES ('5555555555555', 'Autobuska Stanica Mrkonjić Grad', 'Sportska', '70260', '+387 50 211 093', '16', 'www.asmrkonjicgrad.com', 'asmrkonjicgrad@mail.com','124', 'Aktivno');


/* -- -- -- zaposleni -- -- -- */
INSERT INTO `bus`.`zaposleni` (`JMBG`, `Ime`, `Prezime`, `Adresa`, `BrojTelefona`, `StrucnaSprema`, `Email`, `PostanskiBroj`, `Stanje`, `Pol`) VALUES ('1506988192664', 'Marko', 'Knežić', 'Dragočaj bb', '+387 65 764 748', 'SSS', 'mknezic88@gmail.com', '78215', 'Aktivno', 'Muški');
INSERT INTO `bus`.`zaposleni` (`JMBG`, `Ime`, `Prezime`, `Adresa`, `BrojTelefona`, `StrucnaSprema`, `Email`, `PostanskiBroj`, `Stanje`, `Pol`) VALUES ('1210993101010', 'Milan', 'Paspalj', 'Čatrnja bb', '+387 65 123 321', 'SSS', 'milanp93@hotmail.com', '78400', 'Aktivno', 'Muški');
INSERT INTO `bus`.`zaposleni` (`JMBG`, `Ime`, `Prezime`, `Adresa`, `BrojTelefona`, `StrucnaSprema`, `Email`, `PostanskiBroj`, `Stanje`, `Pol`) VALUES ('1304993125942', 'Vanja ', 'Ćulum', 'Mrkonjić Grad', '+387 66 951 426', 'SSS', 'vanjaculum@mail.com', '70260', 'Aktivno', 'Muški');
INSERT INTO `bus`.`zaposleni` (`JMBG`, `Ime`, `Prezime`, `Adresa`, `BrojTelefona`, `StrucnaSprema`, `Email`, `PostanskiBroj`, `Stanje`, `Pol`) VALUES ('2506985192448', 'Dragan', 'Savić', 'Brčko', '+387 65 879 875', 'VSS', 'ddragansavic@mail.com', '76100', 'Aktivno', 'Muški');
INSERT INTO `bus`.`zaposleni` (`JMBG`, `Ime`, `Prezime`, `Adresa`, `BrojTelefona`, `StrucnaSprema`, `Email`, `PostanskiBroj`, `Stanje`, `Pol`) VALUES ('1803001418963', 'Sanja ', 'Pavlović', 'Prijedor', '+387 66 123 123', 'SSS', 'pavlovicsanja01@gmail.com', '79102', 'Aktivno', 'Ženski');
INSERT INTO `bus`.`zaposleni` (`JMBG`, `Ime`, `Prezime`, `Adresa`, `BrojTelefona`, `StrucnaSprema`, `Email`, `PostanskiBroj`, `Stanje`, `Pol`) VALUES ('1408991685365', 'Ana', 'Lujić', 'Novi Grad', '+387 66 884 966', 'SSS', 'annalujic@gmail.com', '79220', 'Aktivno', 'Ženski');
INSERT INTO `bus`.`zaposleni` (`JMBG`, `Ime`, `Prezime`, `Adresa`, `BrojTelefona`, `StrucnaSprema`, `Email`, `PostanskiBroj`, `Stanje`, `Pol`) VALUES ('2902990369852', 'Anela ', 'Crljenković', 'Prijedor', '+387 66 322 988', 'SSS', 'anelacrljenkovic@yahoo.com', '79102', 'Aktivno', 'Ženski');
INSERT INTO `bus`.`zaposleni` (`JMBG`, `Ime`, `Prezime`, `Adresa`, `BrojTelefona`, `StrucnaSprema`, `Email`, `PostanskiBroj`, `Stanje`, `Pol`) VALUES ('3012987446113', 'Mitar', 'Žigić', 'Banja Luka', '+387 65 118 956', 'VSS', 'zigam44@mail.ru', '78000', 'Aktivno', 'Muški');
INSERT INTO `bus`.`zaposleni` (`JMBG`, `Ime`, `Prezime`, `Adresa`, `BrojTelefona`, `StrucnaSprema`, `Email`, `PostanskiBroj`, `Stanje`, `Pol`) VALUES ('0908954146698', 'Nikola', 'Balaban', 'Teslić', '+387 65 489 321', 'SSS', 'nindzobalaban@yahoo.com', '74270', 'Aktivno', 'Muški');
INSERT INTO `bus`.`zaposleni` (`JMBG`, `Ime`, `Prezime`, `Adresa`, `BrojTelefona`, `StrucnaSprema`, `Email`, `PostanskiBroj`, `Stanje`, `Pol`) VALUES ('1807992412396', 'Maja ', 'Jandrić', 'Mostar', '+387 65 976 496', 'SSS', 'mayajandric86@gmail,com', '88000', 'Aktivno', 'Ženski');


/* -- -- -- nalog -- -- -- */
INSERT INTO `bus`.`nalog` (`KorisnickoIme`, `JMBG`, `Lozinka`, `Tip`, `JIBStanice`, `Stanje`) VALUES ('mknezic', '1506988192664', '5E884898DA28047151D0E56F8DC6292773603D0D6AABBDD62A11EF721D1542D8', 'Administrativni radnik', '1111111111111', 'Aktivno');
INSERT INTO `bus`.`nalog` (`KorisnickoIme`, `JMBG`, `Lozinka`, `Tip`, `Stanje`) VALUES ('mcfc93', '1210993101010', '264C8C381BF16C982A4E59B0DD4C6F7808C51A05F64C35DB42CC78A2A72875BB', 'Administrator', 'Aktivno');
INSERT INTO `bus`.`nalog` (`KorisnickoIme`, `JMBG`, `Lozinka`, `Tip`, `JIBStanice`, `Stanje`) VALUES ('vculum', '1304993125942', '5E884898DA28047151D0E56F8DC6292773603D0D6AABBDD62A11EF721D1542D8', 'Šalterski radnik', '1111111111111', 'Aktivno');
INSERT INTO `bus`.`nalog` (`KorisnickoIme`, `JMBG`, `Lozinka`, `Tip`, `JIBStanice`, `Stanje`) VALUES ('alujic', '1408991685365', '5E884898DA28047151D0E56F8DC6292773603D0D6AABBDD62A11EF721D1542D8', 'Administrativni radnik', '2222222222222', 'Aktivno');
INSERT INTO `bus`.`nalog` (`KorisnickoIme`, `JMBG`, `Lozinka`, `Tip`, `JIBStanice`, `Stanje`) VALUES ('spavlovic', '1803001418963', '5E884898DA28047151D0E56F8DC6292773603D0D6AABBDD62A11EF721D1542D8', 'Šalterski radnik', '2222222222222', 'Aktivno');
INSERT INTO `bus`.`nalog` (`KorisnickoIme`, `JMBG`, `Lozinka`, `Tip`, `JIBStanice`, `Stanje`) VALUES ('mjandric', '1807992412396', '5E884898DA28047151D0E56F8DC6292773603D0D6AABBDD62A11EF721D1542D8', 'Administrativni radnik', '3333333333333', 'Aktivno');
INSERT INTO `bus`.`nalog` (`KorisnickoIme`, `JMBG`, `Lozinka`, `Tip`, `JIBStanice`, `Stanje`) VALUES ('canela', '2902990369852', '5E884898DA28047151D0E56F8DC6292773603D0D6AABBDD62A11EF721D1542D8', 'Šalterski radnik', '3333333333333', 'Aktivno');


/* -- -- -- praznik -- -- -- */
INSERT INTO `bus`.`praznik` (`IdPraznika`, `Datum`, `Opis`) VALUES ('1', '1-1', 'Nova Godina');
INSERT INTO `bus`.`praznik` (`IdPraznika`, `Datum`, `Opis`) VALUES ('2', '1-2', 'Nova Godina');
INSERT INTO `bus`.`praznik` (`IdPraznika`, `Datum`, `Opis`) VALUES ('3', '1-14', 'Pravoslavna Nova Godina');
INSERT INTO `bus`.`praznik` (`IdPraznika`, `Datum`, `Opis`) VALUES ('4', '5-1', 'Međunarodni praznik rada');
INSERT INTO `bus`.`praznik` (`IdPraznika`, `Datum`, `Opis`) VALUES ('5', '5-2', 'Međunarodni praznik rada');
INSERT INTO `bus`.`praznik` (`IdPraznika`, `Datum`, `Opis`) VALUES ('6', '5-9', 'Dan pobjede nad fašizmom');
INSERT INTO `bus`.`praznik` (`IdPraznika`, `Datum`, `Opis`) VALUES ('7', '11-21', 'Dejtonski mirovni sporazum');
INSERT INTO `bus`.`praznik` (`IdPraznika`, `Datum`, `Opis`) VALUES ('8', '1-7', 'Pravoslavni Božić');
INSERT INTO `bus`.`praznik` (`IdPraznika`, `Datum`, `Opis`) VALUES ('9', '4-28', 'Pravoslavni Vaskrs');
INSERT INTO `bus`.`praznik` (`IdPraznika`, `Datum`, `Opis`) VALUES ('10', '4-26', 'Pravoslavni Veliki petak');
INSERT INTO `bus`.`praznik` (`IdPraznika`, `Datum`, `Opis`) VALUES ('11', '4-27', 'Pravoslavna Velika subota');
INSERT INTO `bus`.`praznik` (`IdPraznika`, `Datum`, `Opis`) VALUES ('12', '4-29', 'Pravoslavni Vaskršnji ponedeljak');


/* -- -- -- dani -- -- -- */
INSERT INTO `bus`.`dani` (`Id`, `Opis`) VALUES ('1', 'Pondeljak');
INSERT INTO `bus`.`dani` (`Id`, `Opis`) VALUES ('2', 'Utorak');
INSERT INTO `bus`.`dani` (`Id`, `Opis`) VALUES ('3', 'Srijeda');
INSERT INTO `bus`.`dani` (`Id`, `Opis`) VALUES ('4', 'Čektvrtak');
INSERT INTO `bus`.`dani` (`Id`, `Opis`) VALUES ('5', 'Petak');
INSERT INTO `bus`.`dani` (`Id`, `Opis`) VALUES ('6', 'Subota');
INSERT INTO `bus`.`dani` (`Id`, `Opis`) VALUES ('7', 'Nedelja');
INSERT INTO `bus`.`dani` (`Id`, `Opis`) VALUES ('8', 'Bez izmjene');
INSERT INTO `bus`.`dani` (`Id`, `Opis`) VALUES ('9', 'Ne vozi');


/* -- -- -- prevoznik -- -- -- */
INSERT INTO `bus`.`prevoznik` (`JIBPrevoznika`, `NazivPrevoznika`, `Telefon`, `Email`, `WebAdresa`, `TekuciRacun`, `Adresa`, `PostanskiBroj`, `Stanje`) VALUES ('1000000000001', 'Pavlović Tours', '+387 51 219 600', 'pavlovictours@mail.com', 'www.pavlovic-tours.com', '590000033889654231', 'Vidovdanska bb', '78000', 'Aktivno');
INSERT INTO `bus`.`prevoznik` (`JIBPrevoznika`, `NazivPrevoznika`, `Telefon`, `Email`, `WebAdresa`, `TekuciRacun`, `Adresa`, `PostanskiBroj`, `Stanje`) VALUES ('2000000000002', 'AD Autoprevoz', '+387 51 222 456', 'adautoprevoz@gmail.com', 'www.autoprevozbl.com', '120000056569993145', 'Miloša Obilića 10', '78000', 'Aktivno');
INSERT INTO `bus`.`prevoznik` (`JIBPrevoznika`, `NazivPrevoznika`, `Telefon`, `Email`, `WebAdresa`, `TekuciRacun`, `Adresa`, `PostanskiBroj`, `Stanje`) VALUES ('3000000000003', 'Golubić ', '+387 51 114 433', 'golubic@yahoo.com', 'www.golubic.com', '343400000988574124', 'Vuka Karadžića 55', '78000', 'Aktivno');
INSERT INTO `bus`.`prevoznik` (`JIBPrevoznika`, `NazivPrevoznika`, `Telefon`, `Email`, `WebAdresa`, `TekuciRacun`, `Adresa`, `PostanskiBroj`, `Stanje`) VALUES ('1111111111111', 'Smiljić Travel', '+387 51 218 610', 'smiljictravel@gmail.com', 'www.smiljictravel.com', '950157033759653431', 'Patrijarha Makarija Sokolovića', '78000', 'Aktivno');
INSERT INTO `bus`.`prevoznik` (`JIBPrevoznika`, `NazivPrevoznika`, `Telefon`, `Email`, `WebAdresa`, `TekuciRacun`, `Adresa`, `PostanskiBroj`, `Stanje`) VALUES ('2222222222222', 'Bočac Tours', '+387 51 215 725', 'bocactours@gmail.com', 'www.bocactours.com', '570023056569443175', 'Bulevar cara Dušana 1', '78000', 'Aktivno');


/* -- -- -- popust_prevoznika -- -- -- */
INSERT INTO `bus`.`popust_prevoznika` (`IdPopust`, `DjackiPopust`, `PenzionerskiPopust`, `RadnickiPopust`, `JIBPrevoznika`) VALUES ('1', '0.9', '0.95', '1.0', '1000000000001');
INSERT INTO `bus`.`popust_prevoznika` (`IdPopust`, `DjackiPopust`, `PenzionerskiPopust`, `RadnickiPopust`, `JIBPrevoznika`) VALUES ('2', '0.8', '0.85', '1.0', '2000000000002');
INSERT INTO `bus`.`popust_prevoznika` (`IdPopust`, `DjackiPopust`, `PenzionerskiPopust`, `RadnickiPopust`, `JIBPrevoznika`) VALUES ('3', '0.85', '0.9', '1.0', '3000000000003');
INSERT INTO `bus`.`popust_prevoznika` (`IdPopust`, `DjackiPopust`, `PenzionerskiPopust`, `RadnickiPopust`, `JIBPrevoznika`) VALUES ('4', '0.9', '0.9', '1.0', '1111111111111');
INSERT INTO `bus`.`popust_prevoznika` (`IdPopust`, `DjackiPopust`, `PenzionerskiPopust`, `RadnickiPopust`, `JIBPrevoznika`) VALUES ('5', '0.85', '0.8', '1.0', '2222222222222');

/* -- -- -- OSTALA STAJALISTA -- -- -- */
INSERT INTO `bus`.`mjesto` (`PostanskiBroj`, `Naziv`) VALUES ('21000', 'Novi Sad');
INSERT INTO `bus`.`mjesto` (`PostanskiBroj`, `Naziv`) VALUES ('22251', 'Batrovci');
INSERT INTO `bus`.`mjesto` (`PostanskiBroj`, `Naziv`) VALUES ('22402', 'Ruma');
INSERT INTO `bus`.`mjesto` (`PostanskiBroj`, `Naziv`) VALUES ('11000', 'Beograd');
INSERT INTO `bus`.`mjesto` (`PostanskiBroj`, `Naziv`) VALUES ('10000', 'Zagreb');
INSERT INTO `bus`.`mjesto` (`PostanskiBroj`, `Naziv`) VALUES ('1010', 'Beč');
INSERT INTO `bus`.`mjesto` (`PostanskiBroj`, `Naziv`) VALUES ('1000', 'Ljubljana');
INSERT INTO `bus`.`autobusko_stajaliste` (`Naziv`, `PostanskiBroj`) VALUES ('Laminci', '78400');
INSERT INTO `bus`.`autobusko_stajaliste` (`Naziv`, `PostanskiBroj`) VALUES ('Nova Topola', '78400');
INSERT INTO `bus`.`autobusko_stajaliste` (`Naziv`, `PostanskiBroj`) VALUES ('Aleksandrovac', '78250');
INSERT INTO `bus`.`autobusko_stajaliste` (`Naziv`, `PostanskiBroj`) VALUES ('Trn', '78250');
INSERT INTO `bus`.`autobusko_stajaliste` (`Naziv`, `PostanskiBroj`) VALUES ('Novi Sad', '21000');
INSERT INTO `bus`.`autobusko_stajaliste` (`Naziv`, `PostanskiBroj`) VALUES ('Batrovci', '22251');
INSERT INTO `bus`.`autobusko_stajaliste` (`Naziv`, `PostanskiBroj`) VALUES ('Ruma', '22402');
INSERT INTO `bus`.`autobusko_stajaliste` (`Naziv`, `PostanskiBroj`) VALUES ('Beograd', '11000');
INSERT INTO `bus`.`autobusko_stajaliste` (`Naziv`, `PostanskiBroj`) VALUES ('Zagreb', '10000');
INSERT INTO `bus`.`autobusko_stajaliste` (`Naziv`, `PostanskiBroj`) VALUES ('Beč', '1010');
INSERT INTO `bus`.`autobusko_stajaliste` (`Naziv`, `PostanskiBroj`) VALUES ('Ljubljana', '1000');


INSERT INTO `bus`.`autobusko_stajaliste` (`PostanskiBroj`, `Naziv`) VALUES ('78000', 'Mađir');
INSERT INTO `bus`.`autobusko_stajaliste` (`PostanskiBroj`, `Naziv`) VALUES ('78000', 'Ortopedija');
INSERT INTO `bus`.`autobusko_stajaliste` (`PostanskiBroj`, `Naziv`) VALUES ('78000', 'Nova bolnica');
INSERT INTO `bus`.`autobusko_stajaliste` (`PostanskiBroj`, `Naziv`) VALUES ('78000', 'Centar(Vodovod)');
INSERT INTO `bus`.`autobusko_stajaliste` (`PostanskiBroj`, `Naziv`) VALUES ('78000', 'Vrbanja');
INSERT INTO `bus`.`autobusko_stajaliste` (`PostanskiBroj`, `Naziv`) VALUES ('78000', 'Zeleni vir');
INSERT INTO `bus`.`autobusko_stajaliste` (`PostanskiBroj`, `Naziv`) VALUES ('78000', 'Debeljaci');
INSERT INTO `bus`.`autobusko_stajaliste` (`PostanskiBroj`, `Naziv`) VALUES ('78000', 'Autobuska stanica');
INSERT INTO `bus`.`autobusko_stajaliste` (`PostanskiBroj`, `Naziv`) VALUES ('78000', 'Lauš');
INSERT INTO `bus`.`autobusko_stajaliste` (`PostanskiBroj`, `Naziv`) VALUES ('78000', 'Saračica');
INSERT INTO `bus`.`autobusko_stajaliste` (`PostanskiBroj`, `Naziv`) VALUES ('78000', 'Podgora');
INSERT INTO `bus`.`autobusko_stajaliste` (`PostanskiBroj`, `Naziv`) VALUES ('78000', 'Česma');
INSERT INTO `bus`.`autobusko_stajaliste` (`PostanskiBroj`, `Naziv`) VALUES ('78000', 'Centar');
INSERT INTO `bus`.`autobusko_stajaliste` (`PostanskiBroj`, `Naziv`) VALUES ('78000', 'Desna Novoselija');
INSERT INTO `bus`.`autobusko_stajaliste` (`PostanskiBroj`, `Naziv`) VALUES ('78000', 'Medeno polje');
INSERT INTO `bus`.`autobusko_stajaliste` (`PostanskiBroj`, `Naziv`) VALUES ('78000', 'Incel');
INSERT INTO `bus`.`autobusko_stajaliste` (`PostanskiBroj`, `Naziv`) VALUES ('78000', 'Obilićevo');
INSERT INTO `bus`.`autobusko_stajaliste` (`PostanskiBroj`, `Naziv`) VALUES ('78000', 'Paprikovac(Vidik)');
INSERT INTO `bus`.`autobusko_stajaliste` (`PostanskiBroj`, `Naziv`) VALUES ('78000', 'Lazarevo');
INSERT INTO `bus`.`autobusko_stajaliste` (`PostanskiBroj`, `Naziv`) VALUES ('78000', 'Centar(Vidovdanska)');
INSERT INTO `bus`.`autobusko_stajaliste` (`PostanskiBroj`, `Naziv`) VALUES ('78000', 'Zalužani');
INSERT INTO `bus`.`autobusko_stajaliste` (`PostanskiBroj`, `Naziv`) VALUES ('78000', 'Novo groblje');
INSERT INTO `bus`.`autobusko_stajaliste` (`PostanskiBroj`, `Naziv`) VALUES ('78000', 'Lazarevo(Poslovna škola)');
INSERT INTO `bus`.`autobusko_stajaliste` (`PostanskiBroj`, `Naziv`) VALUES ('78000', 'Tunjice');
INSERT INTO `bus`.`autobusko_stajaliste` (`PostanskiBroj`, `Naziv`) VALUES ('78000', 'Petrićevac');
INSERT INTO `bus`.`autobusko_stajaliste` (`PostanskiBroj`, `Naziv`) VALUES ('78000', 'Starčevica');
INSERT INTO `bus`.`autobusko_stajaliste` (`PostanskiBroj`, `Naziv`) VALUES ('78000', 'Borik');
INSERT INTO `bus`.`autobusko_stajaliste` (`PostanskiBroj`, `Naziv`) VALUES ('78000', 'Srpski Milanovac');
INSERT INTO `bus`.`autobusko_stajaliste` (`PostanskiBroj`, `Naziv`) VALUES ('78000', 'Paprikovac(Ul.R.Šipke)');
INSERT INTO `bus`.`autobusko_stajaliste` (`PostanskiBroj`, `Naziv`) VALUES ('78000', 'Drakulić(vrtače)');
INSERT INTO `bus`.`autobusko_stajaliste` (`PostanskiBroj`, `Naziv`) VALUES ('78000', 'Drakulić(Avion)');
INSERT INTO `bus`.`autobusko_stajaliste` (`PostanskiBroj`, `Naziv`) VALUES ('78000', 'Rakovačke bare');
